timestamp,relative_humidity_pct,wind_direction_deg,wind_cardinal,altimeter,sea_level_pressure,visibility,cloud_layer_code,cloud_layer,metar,weather_summary,pressure_tendency,temperature_c,temperature_f,dewpoint_c,dewpoint_f,max_temp_6h_c,max_temp_6h_f,min_temp_6h_c,min_temp_6h_f,max_temp_24h_c,max_temp_24h_f,min_temp_24h_c,min_temp_24h_f,wind_speed_kmh,wind_speed_mph
2026-02-08T00:00:00-0800,72.23,0.0,N,102099.568,,10.0,1.0,"{'sky_condition': 'clear', 'height_agl': None}",METAR KLAX 080800Z AUTO 00000KT 10SM CLR 16/11 A3015,clear,,16.0,60.8,,,,,,,,,,,0.0,0.0
2026-02-08T00:05:00-0800,63.64,0.0,N,102099.568,,10.0,1.0,"{'sky_condition': 'clear', 'height_agl': None}",METAR KLAX 080805Z AUTO 00000KT 10SM CLR 18/11 A3015,clear,,18.0,64.4,,,,,,,,,,,0.0,0.0
2026-02-08T00:10:00-0800,59.54,320.0,NW,102099.568,,10.0,1.0,"{'sky_condition': 'clear', 'height_agl': None}",METAR KLAX 080810Z AUTO 32003KT 10SM CLR 18/10 A3015,clear,,18.0,64.4,,,,,,,,,,,1.543,0.96
2026-02-08T00:15:00-0800,59.54,0.0,N,102099.568,,10.0,1.0,"{'sky_condition': 'clear', 'height_agl': None}",METAR KLAX 080815Z AUTO 00000KT 10SM CLR 18/10 A3015,clear,,18.0,64.4,,,,,,,,,,,0.0,0.0
2026-02-08T00:20:00-0800,55.67,0.0,N,102099.568,,10.0,1.0,"{'sky_condition': 'clear', 'height_agl': None}",METAR KLAX 080820Z AUTO 00000KT 10SM CLR 18/09 A3015,clear,,18.0,64.4,,,,,,,,,,,0.0,0.0
2026-02-08T00:25:00-0800,55.67,0.0,N,102099.568,,10.0,1.0,"{'sky_condition': 'clear', 'height_agl': None}",METAR KLAX 080825Z AUTO 00000KT 10SM CLR 18/09 A3015,clear,,18.0,64.4,,,,,,,,,,,0.0,0.0
2026-02-08T00:30:00-0800,48.87,0.0,N,102099.568,,10.0,1.0,"{'sky_condition': 'clear', 'height_agl': None}",METAR KLAX 080830Z AUTO 00000KT 10SM CLR 19/08 A3015,clear,,19.0,66.2,,,,,,,,,,,0.0,0.0
2026-02-08T00:35:00-0800,42.9,20.0,NNE,102099.568,,10.0,1.0,"{'sky_condition': 'clear', 'height_agl': None}",METAR KLAX 080835Z AUTO 02003KT 10SM CLR 20/07 A3015,clear,,20.0,68.0,,,,,,,,,,,1.543,0.96
2026-02-08T00:40:00-0800,63.18,90.0,E,102099.568,,10.0,1.0,"{'sky_condition': 'clear', 'height_agl': None}",METAR KLAX 080840Z AUTO 09004KT 10SM CLR 16/09 A3015,clear,,16.0,60.8,,,,,,,,,,,2.058,1.28
2026-02-08T00:45:00-0800,72.23,0.0,N,102133.432,,10.0,1.0,"{'sky_condition': 'clear', 'height_agl': None}",METAR KLAX 080845Z AUTO 00000KT 10SM CLR 16/11 A3016,clear,,16.0,60.8,,,,,,,,,,,0.0,0.0
2026-02-08T00:50:00-0800,63.42,0.0,N,102099.568,,10.0,1.0,"{'sky_condition': 'clear', 'height_agl': None}",METAR KLAX 080850Z AUTO 00000KT 10SM CLR 17/10 A3015,clear,,17.0,62.6,,,,,,,,,,,0.0,0.0
2026-02-08T00:53:00-0800,60.15,,,102099.568,102080.0,10.0,1.0,"{'sky_condition': 'clear', 'height_agl': None}",METAR KLAX 080853Z VRB03KT 10SM CLR 17/09 A3015 RMK AO2 SLP208 T01720094  58000,clear,8000.0,17.2,62.96,9.4,48.92,,,,,,,,,1.543,0.96
2026-02-08T00:55:00-0800,63.18,0.0,N,102099.568,,10.0,1.0,"{'sky_condition': 'clear', 'height_agl': None}",METAR KLAX 080855Z AUTO 00000KT 10SM CLR 16/09 A3015,clear,,16.0,60.8,,,,,,,,,,,0.0,0.0
2026-02-08T01:00:00-0800,63.42,0.0,N,102099.568,,10.0,1.0,"{'sky_condition': 'clear', 'height_agl': None}",METAR KLAX 080900Z AUTO 00000KT 10SM CLR 17/10 A3015,clear,,17.0,62.6,,,,,,,,,,,0.0,0.0
2026-02-08T01:05:00-0800,63.42,0.0,N,102099.568,,10.0,1.0,"{'sky_condition': 'clear', 'height_agl': None}",METAR KLAX 080905Z AUTO 00000KT 10SM CLR 17/10 A3015,clear,,17.0,62.6,,,,,,,,,,,0.0,0.0
2026-02-08T01:10:00-0800,63.18,0.0,N,102099.568,,10.0,1.0,"{'sky_condition': 'clear', 'height_agl': None}",METAR KLAX 080910Z AUTO 00000KT 10SM CLR 16/09 A3015,clear,,16.0,60.8,,,,,,,,,,,0.0,0.0
2026-02-08T01:15:00-0800,63.18,0.0,N,102099.568,,10.0,1.0,"{'sky_condition': 'clear', 'height_agl': None}",METAR KLAX 080915Z AUTO 00000KT 10SM CLR 16/09 A3015,clear,,16.0,60.8,,,,,,,,,,,0.0,0.0
2026-02-08T01:20:00-0800,63.18,0.0,N,102099.568,,10.0,1.0,"{'sky_condition': 'clear', 'height_agl': None}",METAR KLAX 080920Z AUTO 00000KT 10SM CLR 16/09 A3015,clear,,16.0,60.8,,,,,,,,,,,0.0,0.0
2026-02-08T01:25:00-0800,71.85,90.0,E,102133.432,,10.0,1.0,"{'sky_condition': 'clear', 'height_agl': None}",METAR KLAX 080925Z AUTO 09005KT 10SM CLR 14/09 A3016,clear,,14.0,57.2,,,,,,,,,,,2.572,1.6
2026-02-08T01:30:00-0800,87.66,120.0,ESE,102133.432,,9.0,1.0,"{'sky_condition': 'clear', 'height_agl': None}",METAR KLAX 080930Z AUTO 12004KT 9SM CLR 13/11 A3016,clear,,13.0,55.4,,,,,,,,,,,2.058,1.28
2026-02-08T01:35:00-0800,82.14,0.0,N,102133.432,,9.0,1.0,"{'sky_condition': 'clear', 'height_agl': None}",METAR KLAX 080935Z AUTO 00000KT 9SM CLR 14/11 A3016,clear,,14.0,57.2,,,,,,,,,,,0.0,0.0
2026-02-08T01:40:00-0800,77.01,0.0,N,102133.432,,10.0,1.0,"{'sky_condition': 'clear', 'height_agl': None}",METAR KLAX 080940Z AUTO 00000KT 10SM CLR 15/11 A3016,clear,,15.0,59.0,,,,,,,,,,,0.0,0.0
2026-02-08T01:45:00-0800,67.57,0.0,N,102099.568,,10.0,1.0,"{'sky_condition': 'clear', 'height_agl': None}",METAR KLAX 080945Z AUTO 00000KT 10SM CLR 16/10 A3015,clear,,16.0,60.8,,,,,,,,,,,0.0,0.0
2026-02-08T01:50:00-0800,77.01,90.0,E,102099.568,,10.0,1.0,"{'sky_condition': 'clear', 'height_agl': None}",METAR KLAX 080950Z AUTO 09003KT 10SM CLR 15/11 A3015,clear,,15.0,59.0,,,,,,,,,,,1.543,0.96
2026-02-08T01:53:00-0800,77.94,80.0,E,102099.568,102080.0,10.0,1.0,"{'sky_condition': 'clear', 'height_agl': None}",METAR KLAX 080953Z 08003KT 10SM CLR 14/11 A3015 RMK AO2 SLP208 T01440106,clear,,14.4,57.92,10.6,51.08,,,,,,,,,1.543,0.96
2026-02-08T01:55:00-0800,82.14,70.0,ENE,102099.568,,10.0,1.0,"{'sky_condition': 'clear', 'height_agl': None}",METAR KLAX 080955Z AUTO 07003KT 10SM CLR 14/11 A3015,clear,,14.0,57.2,,,,,,,,,,,1.543,0.96
2026-02-08T02:00:00-0800,82.14,80.0,E,102099.568,,10.0,1.0,"{'sky_condition': 'clear', 'height_agl': None}",METAR KLAX 081000Z AUTO 08003KT 10SM CLR 14/11 A3015,clear,,14.0,57.2,,,,,,,,,,,1.543,0.96
2026-02-08T02:05:00-0800,87.57,90.0,E,102099.568,,9.0,1.0,"{'sky_condition': 'clear', 'height_agl': None}",METAR KLAX 081005Z AUTO 09004KT 9SM CLR 12/10 A3015,clear,,12.0,53.6,,,,,,,,,,,2.058,1.28
2026-02-08T02:10:00-0800,87.66,100.0,E,102099.568,,9.0,1.0,"{'sky_condition': 'clear', 'height_agl': None}",METAR KLAX 081010Z AUTO 10003KT 9SM CLR 13/11 A3015,clear,,13.0,55.4,,,,,,,,,,,1.543,0.96
2026-02-08T02:15:00-0800,87.66,0.0,N,102099.568,,9.0,1.0,"{'sky_condition': 'clear', 'height_agl': None}",METAR KLAX 081015Z AUTO 00000KT 9SM CLR 13/11 A3015,clear,,13.0,55.4,,,,,,,,,,,0.0,0.0
2026-02-08T02:20:00-0800,82.14,120.0,ESE,102099.568,,9.0,1.0,"{'sky_condition': 'clear', 'height_agl': None}",METAR KLAX 081020Z AUTO 12003KT 9SM CLR 14/11 A3015,clear,,14.0,57.2,,,,,,,,,,,1.543,0.96
2026-02-08T02:25:00-0800,87.66,0.0,N,102099.568,,9.0,1.0,"{'sky_condition': 'clear', 'height_agl': None}",METAR KLAX 081025Z AUTO 00000KT 9SM CLR 13/11 A3015,clear,,13.0,55.4,,,,,,,,,,,0.0,0.0
2026-02-08T02:30:00-0800,87.66,60.0,ENE,102099.568,,9.0,1.0,"{'sky_condition': 'clear', 'height_agl': None}",METAR KLAX 081030Z AUTO 06003KT 9SM CLR 13/11 A3015,clear,,13.0,55.4,,,,,,,,,,,1.543,0.96
2026-02-08T02:35:00-0800,82.14,80.0,E,102099.568,,9.0,1.0,"{'sky_condition': 'clear', 'height_agl': None}",METAR KLAX 081035Z AUTO 08003KT 9SM CLR 14/11 A3015,clear,,14.0,57.2,,,,,,,,,,,1.543,0.96
2026-02-08T02:40:00-0800,82.14,0.0,N,102099.568,,9.0,1.0,"{'sky_condition': 'clear', 'height_agl': None}",METAR KLAX 081040Z AUTO 00000KT 9SM CLR 14/11 A3015,clear,,14.0,57.2,,,,,,,,,,,0.0,0.0
2026-02-08T02:45:00-0800,82.14,0.0,N,102099.568,,9.0,1.0,"{'sky_condition': 'clear', 'height_agl': None}",METAR KLAX 081045Z AUTO 00000KT 9SM CLR 14/11 A3015,clear,,14.0,57.2,,,,,,,,,,,0.0,0.0
2026-02-08T02:50:00-0800,82.14,0.0,N,102065.704,,10.0,1.0,"{'sky_condition': 'clear', 'height_agl': None}",METAR KLAX 081050Z AUTO 00000KT 10SM CLR 14/11 A3014,clear,,14.0,57.2,,,,,,,,,,,0.0,0.0
2026-02-08T02:53:00-0800,77.94,0.0,N,102065.704,102050.0,10.0,1.0,"{'sky_condition': 'clear', 'height_agl': None}",METAR KLAX 081053Z 00000KT 10SM CLR 14/11 A3014 RMK AO2 SLP205 T01440106,clear,,14.4,57.92,10.6,51.08,,,,,,,,,0.0,0.0
2026-02-08T02:55:00-0800,82.14,0.0,N,102065.704,,10.0,1.0,"{'sky_condition': 'clear', 'height_agl': None}",METAR KLAX 081055Z AUTO 00000KT 10SM CLR 14/11 A3014,clear,,14.0,57.2,,,,,,,,,,,0.0,0.0
2026-02-08T03:00:00-0800,87.66,70.0,ENE,102065.704,,9.0,1.0,"{'sky_condition': 'clear', 'height_agl': None}",METAR KLAX 081100Z AUTO 07003KT 9SM CLR 13/11 A3014,clear,,13.0,55.4,,,,,,,,,,,1.543,0.96
2026-02-08T03:05:00-0800,87.66,80.0,E,102065.704,,9.0,1.0,"{'sky_condition': 'clear', 'height_agl': None}",METAR KLAX 081105Z AUTO 08004KT 9SM CLR 13/11 A3014,clear,,13.0,55.4,,,,,,,,,,,2.058,1.28
2026-02-08T03:10:00-0800,93.6,90.0,E,102065.704,,9.0,1.0,"{'sky_condition': 'clear', 'height_agl': None}",METAR KLAX 081110Z AUTO 09003KT 9SM CLR 12/11 A3014,clear,,12.0,53.6,,,,,,,,,,,1.543,0.96
2026-02-08T03:15:00-0800,87.66,90.0,E,102065.704,,9.0,1.0,"{'sky_condition': 'clear', 'height_agl': None}",METAR KLAX 081115Z AUTO 09005KT 9SM CLR 13/11 A3014,clear,,13.0,55.4,,,,,,,,,,,2.572,1.6
2026-02-08T03:20:00-0800,87.57,90.0,E,102065.704,,9.0,1.0,"{'sky_condition': 'clear', 'height_agl': None}",METAR KLAX 081120Z AUTO 09006KT 9SM CLR 12/10 A3014,clear,,12.0,53.6,,,,,,,,,,,3.087,1.92
2026-02-08T03:25:00-0800,87.57,70.0,ENE,102065.704,,9.0,1.0,"{'sky_condition': 'clear', 'height_agl': None}",METAR KLAX 081125Z AUTO 07004KT 9SM CLR 12/10 A3014,clear,,12.0,53.6,,,,,,,,,,,2.058,1.28
2026-02-08T03:30:00-0800,82.01,70.0,ENE,102065.704,,9.0,1.0,"{'sky_condition': 'clear', 'height_agl': None}",METAR KLAX 081130Z AUTO 07004KT 9SM CLR 13/10 A3014,clear,,13.0,55.4,,,,,,,,,,,2.058,1.28
2026-02-08T03:35:00-0800,81.88,80.0,E,102065.704,,10.0,1.0,"{'sky_condition': 'clear', 'height_agl': None}",METAR KLAX 081135Z AUTO 08004KT 10SM CLR 12/09 A3014,clear,,12.0,53.6,,,,,,,,,,,2.058,1.28
2026-02-08T03:40:00-0800,81.88,80.0,E,102065.704,,10.0,1.0,"{'sky_condition': 'clear', 'height_agl': None}",METAR KLAX 081140Z AUTO 08006KT 10SM CLR 12/09 A3014,clear,,12.0,53.6,,,,,,,,,,,3.087,1.92
2026-02-08T03:45:00-0800,81.88,80.0,E,102065.704,,10.0,1.0,"{'sky_condition': 'clear', 'height_agl': None}",METAR KLAX 081145Z AUTO 08006KT 10SM CLR 12/09 A3014,clear,,12.0,53.6,,,,,,,,,,,3.087,1.92
2026-02-08T03:50:00-0800,71.66,80.0,E,102065.704,,10.0,1.0,"{'sky_condition': 'clear', 'height_agl': None}",METAR KLAX 081150Z AUTO 08003KT 10SM CLR 13/08 A3014,clear,,13.0,55.4,,,,,,,,,,,1.543,0.96
2026-02-08T03:53:00-0800,74.69,70.0,ENE,102065.704,102020.0,10.0,1.0,"{'sky_condition': 'clear', 'height_agl': None}",METAR KLAX 081153Z 07003KT 10SM CLR 13/09 A3014 RMK AO2 SLP202 T01330089  10200 20117 58007,clear,8007.0,13.3,55.94,8.9,48.02,20.0,68.0,11.7,53.06,,,,,1.543,0.96
2026-02-08T03:55:00-0800,76.68,90.0,E,102065.704,,10.0,1.0,"{'sky_condition': 'clear', 'height_agl': None}",METAR KLAX 081155Z AUTO 09003KT 10SM CLR 13/09 A3014,clear,,13.0,55.4,,,,,,,,,,,1.543,0.96
2026-02-08T04:00:00-0800,76.68,60.0,ENE,102065.704,,10.0,1.0,"{'sky_condition': 'clear', 'height_agl': None}",METAR KLAX 081200Z AUTO 06004KT 10SM CLR 13/09 A3014,clear,,13.0,55.4,,,,,,,,,,,2.058,1.28
2026-02-08T04:05:00-0800,71.66,80.0,E,102065.704,,10.0,1.0,"{'sky_condition': 'clear', 'height_agl': None}",METAR KLAX 081205Z AUTO 08004KT 10SM CLR 13/08 A3014,clear,,13.0,55.4,,,,,,,,,,,2.058,1.28
2026-02-08T04:10:00-0800,76.52,80.0,E,102065.704,,10.0,1.0,"{'sky_condition': 'clear', 'height_agl': None}",METAR KLAX 081210Z AUTO 08005KT 10SM CLR 12/08 A3014,clear,,12.0,53.6,,,,,,,,,,,2.572,1.6
2026-02-08T04:15:00-0800,76.52,90.0,E,102065.704,,10.0,1.0,"{'sky_condition': 'clear', 'height_agl': None}",METAR KLAX 081215Z AUTO 09005KT 10SM CLR 12/08 A3014,clear,,12.0,53.6,,,,,,,,,,,2.572,1.6
2026-02-08T04:20:00-0800,71.66,80.0,E,102065.704,,10.0,1.0,"{'sky_condition': 'clear', 'height_agl': None}",METAR KLAX 081220Z AUTO 08004KT 10SM CLR 13/08 A3014,clear,,13.0,55.4,,,,,,,,,,,2.058,1.28
2026-02-08T04:25:00-0800,71.66,0.0,N,102065.704,,10.0,1.0,"{'sky_condition': 'clear', 'height_agl': None}",METAR KLAX 081225Z AUTO 00000KT 10SM CLR 13/08 A3014,clear,,13.0,55.4,,,,,,,,,,,0.0,0.0
2026-02-08T04:30:00-0800,67.15,60.0,ENE,102065.704,,10.0,1.0,"{'sky_condition': 'clear', 'height_agl': None}",METAR KLAX 081230Z AUTO 06003KT 10SM CLR 14/08 A3014,clear,,14.0,57.2,,,,,,,,,,,1.543,0.96
2026-02-08T04:35:00-0800,66.93,60.0,ENE,102065.704,,10.0,1.0,"{'sky_condition': 'clear', 'height_agl': None}",METAR KLAX 081235Z AUTO 06004KT 10SM CLR 13/07 A3014,clear,,13.0,55.4,,,,,,,,,,,2.058,1.28
2026-02-08T04:40:00-0800,66.93,70.0,ENE,102065.704,,10.0,1.0,"{'sky_condition': 'clear', 'height_agl': None}",METAR KLAX 081240Z AUTO 07004KT 10SM CLR 13/07 A3014,clear,,13.0,55.4,,,,,,,,,,,2.058,1.28
2026-02-08T04:45:00-0800,66.93,80.0,E,102065.704,,10.0,1.0,"{'sky_condition': 'clear', 'height_agl': None}",METAR KLAX 081245Z AUTO 08003KT 10SM CLR 13/07 A3014,clear,,13.0,55.4,,,,,,,,,,,1.543,0.96
2026-02-08T04:50:00-0800,62.72,0.0,N,102065.704,,10.0,1.0,"{'sky_condition': 'clear', 'height_agl': None}",METAR KLAX 081250Z AUTO 00000KT 10SM CLR 14/07 A3014,clear,,14.0,57.2,,,,,,,,,,,0.0,0.0
2026-02-08T04:53:00-0800,61.84,0.0,N,102099.568,102060.0,10.0,1.0,"{'sky_condition': 'clear', 'height_agl': None}",METAR KLAX 081253Z 00000KT 10SM CLR 14/07 A3015 RMK AO2 SLP206 T01390067,clear,,13.9,57.02,6.7,44.06,,,,,,,,,0.0,0.0
2026-02-08T04:55:00-0800,62.72,0.0,N,102099.568,,10.0,1.0,"{'sky_condition': 'clear', 'height_agl': None}",METAR KLAX 081255Z AUTO 00000KT 10SM CLR 14/07 A3015,clear,,14.0,57.2,,,,,,,,,,,0.0,0.0
2026-02-08T05:00:00-0800,62.72,0.0,N,102099.568,,10.0,1.0,"{'sky_condition': 'clear', 'height_agl': None}",METAR KLAX 081300Z AUTO 00000KT 10SM CLR 14/07 A3015,clear,,14.0,57.2,,,,,,,,,,,0.0,0.0
2026-02-08T05:05:00-0800,58.55,100.0,E,102099.568,,10.0,1.0,"{'sky_condition': 'clear', 'height_agl': None}",METAR KLAX 081305Z AUTO 10003KT 10SM CLR 14/06 A3015,clear,,14.0,57.2,,,,,,,,,,,1.543,0.96
2026-02-08T05:10:00-0800,58.55,0.0,N,102099.568,,10.0,1.0,"{'sky_condition': 'clear', 'height_agl': None}",METAR KLAX 081310Z AUTO 00000KT 10SM CLR 14/06 A3015,clear,,14.0,57.2,,,,,,,,,,,0.0,0.0
2026-02-08T05:15:00-0800,58.55,0.0,N,102099.568,,10.0,1.0,"{'sky_condition': 'clear', 'height_agl': None}",METAR KLAX 081315Z AUTO 00000KT 10SM CLR 14/06 A3015,clear,,14.0,57.2,,,,,,,,,,,0.0,0.0
2026-02-08T05:20:00-0800,58.55,70.0,ENE,102099.568,,10.0,1.0,"{'sky_condition': 'clear', 'height_agl': None}",METAR KLAX 081320Z AUTO 07003KT 10SM CLR 14/06 A3015,clear,,14.0,57.2,,,,,,,,,,,1.543,0.96
2026-02-08T05:25:00-0800,58.55,100.0,E,102133.432,,10.0,1.0,"{'sky_condition': 'clear', 'height_agl': None}",METAR KLAX 081325Z AUTO 10003KT 10SM CLR 14/06 A3016,clear,,14.0,57.2,,,,,,,,,,,1.543,0.96
2026-02-08T05:30:00-0800,58.55,0.0,N,102133.432,,10.0,1.0,"{'sky_condition': 'clear', 'height_agl': None}",METAR KLAX 081330Z AUTO 00000KT 10SM CLR 14/06 A3016,clear,,14.0,57.2,,,,,,,,,,,0.0,0.0
2026-02-08T05:35:00-0800,58.55,0.0,N,102133.432,,10.0,1.0,"{'sky_condition': 'clear', 'height_agl': None}",METAR KLAX 081335Z AUTO 00000KT 10SM CLR 14/06 A3016,clear,,14.0,57.2,,,,,,,,,,,0.0,0.0
2026-02-08T05:40:00-0800,62.48,110.0,ESE,102133.432,,10.0,1.0,"{'sky_condition': 'clear', 'height_agl': None}",METAR KLAX 081340Z AUTO 11004KT 10SM CLR 13/06 A3016,clear,,13.0,55.4,,,,,,,,,,,2.058,1.28
2026-02-08T05:45:00-0800,58.55,0.0,N,102167.296,,10.0,1.0,"{'sky_condition': 'clear', 'height_agl': None}",METAR KLAX 081345Z AUTO 00000KT 10SM CLR 14/06 A3017,clear,,14.0,57.2,,,,,,,,,,,0.0,0.0
2026-02-08T05:50:00-0800,58.55,0.0,N,102167.296,,10.0,1.0,"{'sky_condition': 'clear', 'height_agl': None}",METAR KLAX 081350Z AUTO 00000KT 10SM CLR 14/06 A3017,clear,,14.0,57.2,,,,,,,,,,,0.0,0.0
2026-02-08T05:53:00-0800,53.39,0.0,N,102167.296,102140.0,10.0,1.0,"{'sky_condition': 'clear', 'height_agl': None}",METAR KLAX 081353Z 00000KT 10SM CLR 15/06 A3017 RMK AO2 SLP214 T01500056,clear,,15.0,59.0,5.6,42.08,,,,,,,,,0.0,0.0
2026-02-08T05:55:00-0800,54.89,0.0,N,102167.296,,10.0,1.0,"{'sky_condition': 'clear', 'height_agl': None}",METAR KLAX 081355Z AUTO 00000KT 10SM CLR 15/06 A3017,clear,,15.0,59.0,,,,,,,,,,,0.0,0.0
2026-02-08T06:00:00-0800,58.55,0.0,N,102167.296,,10.0,1.0,"{'sky_condition': 'clear', 'height_agl': None}",METAR KLAX 081400Z AUTO 00000KT 10SM CLR 14/06 A3017,clear,,14.0,57.2,,,,,,,,,,,0.0,0.0
2026-02-08T06:05:00-0800,58.55,0.0,N,102201.16,,10.0,1.0,"{'sky_condition': 'clear', 'height_agl': None}",METAR KLAX 081405Z AUTO 00000KT 10SM CLR 14/06 A3018,clear,,14.0,57.2,,,,,,,,,,,0.0,0.0
2026-02-08T06:10:00-0800,54.89,0.0,N,102201.16,,10.0,1.0,"{'sky_condition': 'clear', 'height_agl': None}",METAR KLAX 081410Z AUTO 00000KT 10SM CLR 15/06 A3018,clear,,15.0,59.0,,,,,,,,,,,0.0,0.0
2026-02-08T06:15:00-0800,54.89,0.0,N,102201.16,,10.0,1.0,"{'sky_condition': 'clear', 'height_agl': None}",METAR KLAX 081415Z AUTO 00000KT 10SM CLR 15/06 A3018,clear,,15.0,59.0,,,,,,,,,,,0.0,0.0
2026-02-08T06:20:00-0800,58.55,0.0,N,102201.16,,10.0,1.0,"{'sky_condition': 'clear', 'height_agl': None}",METAR KLAX 081420Z AUTO 00000KT 10SM CLR 14/06 A3018,clear,,14.0,57.2,,,,,,,,,,,0.0,0.0
2026-02-08T06:25:00-0800,62.48,0.0,N,102201.16,,10.0,1.0,"{'sky_condition': 'clear', 'height_agl': None}",METAR KLAX 081425Z AUTO 00000KT 10SM CLR 13/06 A3018,clear,,13.0,55.4,,,,,,,,,,,0.0,0.0
2026-02-08T06:30:00-0800,58.55,80.0,E,102201.16,,10.0,1.0,"{'sky_condition': 'clear', 'height_agl': None}",METAR KLAX 081430Z AUTO 08003KT 10SM CLR 14/06 A3018,clear,,14.0,57.2,,,,,,,,,,,1.543,0.96
2026-02-08T06:35:00-0800,62.48,70.0,ENE,102201.16,,10.0,1.0,"{'sky_condition': 'clear', 'height_agl': None}",METAR KLAX 081435Z AUTO 07003KT 10SM CLR 13/06 A3018,clear,,13.0,55.4,,,,,,,,,,,1.543,0.96
2026-02-08T06:40:00-0800,62.48,0.0,N,102235.024,,10.0,1.0,"{'sky_condition': 'clear', 'height_agl': None}",METAR KLAX 081440Z AUTO 00000KT 10SM CLR 13/06 A3019,clear,,13.0,55.4,,,,,,,,,,,0.0,0.0
2026-02-08T06:45:00-0800,66.71,0.0,N,102235.024,,10.0,1.0,"{'sky_condition': 'clear', 'height_agl': None}",METAR KLAX 081445Z AUTO 00000KT 10SM CLR 12/06 A3019,clear,,12.0,53.6,,,,,,,,,,,0.0,0.0
2026-02-08T06:50:00-0800,62.48,0.0,N,102235.024,,10.0,1.0,"{'sky_condition': 'clear', 'height_agl': None}",METAR KLAX 081450Z AUTO 00000KT 10SM CLR 13/06 A3019,clear,,13.0,55.4,,,,,,,,,,,0.0,0.0
2026-02-08T06:53:00-0800,59.33,30.0,NNE,102235.024,102230.0,10.0,1.0,"{'sky_condition': 'clear', 'height_agl': None}",METAR KLAX 081453Z 03003KT 10SM CLR 14/06 A3019 RMK AO2 SLP223 T01390061  53020,clear,3020.0,13.9,57.02,6.1,42.98,,,,,,,,,1.543,0.96
2026-02-08T06:55:00-0800,58.55,20.0,NNE,102268.887,,10.0,1.0,"{'sky_condition': 'clear', 'height_agl': None}",METAR KLAX 081455Z AUTO 02003KT 10SM CLR 14/06 A3020,clear,,14.0,57.2,,,,,,,,,,,1.543,0.96
2026-02-08T07:00:00-0800,58.55,0.0,N,102268.887,,10.0,1.0,"{'sky_condition': 'clear', 'height_agl': None}",METAR KLAX 081500Z AUTO 00000KT 10SM CLR 14/06 A3020,clear,,14.0,57.2,,,,,,,,,,,0.0,0.0
2026-02-08T07:05:00-0800,54.89,0.0,N,102235.024,,10.0,1.0,"{'sky_condition': 'clear', 'height_agl': None}",METAR KLAX 081505Z AUTO 00000KT 10SM CLR 15/06 A3019,clear,,15.0,59.0,,,,,,,,,,,0.0,0.0
2026-02-08T07:10:00-0800,51.21,80.0,E,102268.887,,10.0,1.0,"{'sky_condition': 'clear', 'height_agl': None}",METAR KLAX 081510Z AUTO 08003KT 10SM CLR 15/05 A3020,clear,,15.0,59.0,,,,,,,,,,,1.543,0.96
2026-02-08T07:15:00-0800,54.89,160.0,SSE,102268.887,,10.0,1.0,"{'sky_condition': 'clear', 'height_agl': None}",METAR KLAX 081515Z AUTO 16003KT 10SM CLR 15/06 A3020,clear,,15.0,59.0,,,,,,,,,,,1.543,0.96
2026-02-08T07:20:00-0800,54.89,130.0,SE,102268.887,,10.0,1.0,"{'sky_condition': 'clear', 'height_agl': None}",METAR KLAX 081520Z AUTO 13004KT 10SM CLR 15/06 A3020,clear,,15.0,59.0,,,,,,,,,,,2.058,1.28
2026-02-08T07:25:00-0800,54.89,80.0,E,102268.887,,10.0,1.0,"{'sky_condition': 'clear', 'height_agl': None}",METAR KLAX 081525Z AUTO 08005KT 10SM CLR 15/06 A3020,clear,,15.0,59.0,,,,,,,,,,,2.572,1.6
2026-02-08T07:30:00-0800,58.55,100.0,E,102268.887,,10.0,1.0,"{'sky_condition': 'clear', 'height_agl': None}",METAR KLAX 081530Z AUTO 10003KT 10SM CLR 14/06 A3020,clear,,14.0,57.2,,,,,,,,,,,1.543,0.96
2026-02-08T07:35:00-0800,54.89,0.0,N,102268.887,,10.0,1.0,"{'sky_condition': 'clear', 'height_agl': None}",METAR KLAX 081535Z AUTO 00000KT 10SM CLR 15/06 A3020,clear,,15.0,59.0,,,,,,,,,,,0.0,0.0
2026-02-08T07:40:00-0800,54.89,0.0,N,102268.887,,10.0,1.0,"{'sky_condition': 'clear', 'height_agl': None}",METAR KLAX 081540Z AUTO 00000KT 10SM CLR 15/06 A3020,clear,,15.0,59.0,,,,,,,,,,,0.0,0.0
2026-02-08T07:45:00-0800,58.8,0.0,N,102268.887,,10.0,1.0,"{'sky_condition': 'clear', 'height_agl': None}",METAR KLAX 081545Z AUTO 00000KT 10SM CLR 15/07 A3020,clear,,15.0,59.0,,,,,,,,,,,0.0,0.0
2026-02-08T07:50:00-0800,55.15,0.0,N,102268.887,,10.0,1.0,"{'sky_condition': 'clear', 'height_agl': None}",METAR KLAX 081550Z AUTO 00000KT 10SM CLR 16/07 A3020,clear,,16.0,60.8,,,,,,,,,,,0.0,0.0
2026-02-08T07:53:00-0800,49.58,60.0,ENE,102268.887,102260.0,10.0,1.0,"{'sky_condition': 'clear', 'height_agl': None}",METAR KLAX 081553Z 06004KT 10SM CLR 17/06 A3020 RMK AO2 SLP226 T01670061,clear,,16.7,62.06,6.1,42.98,,,,,,,,,2.058,1.28
2026-02-08T07:55:00-0800,48.31,60.0,ENE,102268.887,,10.0,1.0,"{'sky_condition': 'clear', 'height_agl': None}",METAR KLAX 081555Z AUTO 06004KT 10SM CLR 17/06 A3020,clear,,17.0,62.6,,,,,,,,,,,2.058,1.28
2026-02-08T08:00:00-0800,55.15,80.0,E,102268.887,,10.0,1.0,"{'sky_condition': 'clear', 'height_agl': None}",METAR KLAX 081600Z AUTO 08003KT 10SM CLR 16/07 A3020,clear,,16.0,60.8,,,,,,,,,,,1.543,0.96
2026-02-08T08:05:00-0800,51.76,80.0,E,102268.887,,10.0,1.0,"{'sky_condition': 'clear', 'height_agl': None}",METAR KLAX 081605Z AUTO 08003KT 10SM CLR 17/07 A3020,clear,,17.0,62.6,,,,,,,,,,,1.543,0.96
2026-02-08T08:10:00-0800,51.76,30.0,NNE,102268.887,,10.0,1.0,"{'sky_condition': 'clear', 'height_agl': None}",METAR KLAX 081610Z AUTO 03003KT 10SM CLR 17/07 A3020,clear,,17.0,62.6,,,,,,,,,,,1.543,0.96
2026-02-08T08:15:00-0800,42.32,60.0,ENE,102268.887,,10.0,1.0,"{'sky_condition': 'clear', 'height_agl': None}",METAR KLAX 081615Z AUTO 06005KT 10SM CLR 18/05 A3020,clear,,18.0,64.4,,,,,,,,,,,2.572,1.6
2026-02-08T08:20:00-0800,45.36,70.0,ENE,102268.887,,10.0,1.0,"{'sky_condition': 'clear', 'height_agl': None}",METAR KLAX 081620Z AUTO 07004KT 10SM CLR 18/06 A3020,clear,,18.0,64.4,,,,,,,,,,,2.058,1.28
2026-02-08T08:25:00-0800,45.36,50.0,NE,102268.887,,10.0,1.0,"{'sky_condition': 'clear', 'height_agl': None}",METAR KLAX 081625Z AUTO 05004KT 10SM CLR 18/06 A3020,clear,,18.0,64.4,,,,,,,,,,,2.058,1.28
2026-02-08T08:30:00-0800,39.75,10.0,N,102268.887,,10.0,1.0,"{'sky_condition': 'clear', 'height_agl': None}",METAR KLAX 081630Z AUTO 01003KT 10SM CLR 19/05 A3020,clear,,19.0,66.2,,,,,,,,,,,1.543,0.96
2026-02-08T08:35:00-0800,39.75,360.0,N,102268.887,,10.0,1.0,"{'sky_condition': 'clear', 'height_agl': None}",METAR KLAX 081635Z AUTO 36003KT 10SM CLR 19/05 A3020,clear,,19.0,66.2,,,,,,,,,,,1.543,0.96
2026-02-08T08:40:00-0800,37.36,30.0,NNE,102268.887,,10.0,1.0,"{'sky_condition': 'clear', 'height_agl': None}",METAR KLAX 081640Z AUTO 03003KT 10SM CLR 20/05 A3020,clear,,20.0,68.0,,,,,,,,,,,1.543,0.96
2026-02-08T08:45:00-0800,40.05,30.0,NNE,102268.887,,10.0,1.0,"{'sky_condition': 'clear', 'height_agl': None}",METAR KLAX 081645Z AUTO 03003KT 10SM CLR 20/06 A3020,clear,,20.0,68.0,,,,,,,,,,,1.543,0.96
2026-02-08T08:50:00-0800,35.13,360.0,N,102268.887,,10.0,1.0,"{'sky_condition': 'clear', 'height_agl': None}",METAR KLAX 081650Z AUTO 36003KT 10SM CLR 21/05 A3020,clear,,21.0,69.8,,,,,,,,,,,1.543,0.96
2026-02-08T08:53:00-0800,36.4,,,102268.887,102270.0,10.0,1.0,"{'sky_condition': 'clear', 'height_agl': None}",METAR KLAX 081653Z VRB03KT 10SM CLR 21/06 A3020 RMK AO2 SLP227 T02110056,clear,,21.1,69.98,5.6,42.08,,,,,,,,,1.543,0.96
2026-02-08T08:55:00-0800,37.66,360.0,N,102268.887,,10.0,1.0,"{'sky_condition': 'clear', 'height_agl': None}",METAR KLAX 081655Z AUTO 36004KT 10SM CLR 21/06 A3020,clear,,21.0,69.8,,,,,,,,,,,2.058,1.28
2026-02-08T09:00:00-0800,35.13,330.0,NNW,102302.751,,10.0,1.0,"{'sky_condition': 'clear', 'height_agl': None}",METAR KLAX 081700Z AUTO 33004KT 10SM CLR 21/05 A3021,clear,,21.0,69.8,,,,,,,,,,,2.058,1.28
2026-02-08T09:05:00-0800,35.13,330.0,NNW,102302.751,,10.0,1.0,"{'sky_condition': 'clear', 'height_agl': None}",METAR KLAX 081705Z AUTO 33004KT 10SM CLR 21/05 A3021,clear,,21.0,69.8,,,,,,,,,,,2.058,1.28
2026-02-08T09:10:00-0800,33.05,350.0,N,102302.751,,10.0,1.0,"{'sky_condition': 'clear', 'height_agl': None}",METAR KLAX 081710Z AUTO 35005KT 10SM CLR 22/05 A3021,clear,,22.0,71.6,,,,,,,,,,,2.572,1.6
2026-02-08T09:15:00-0800,30.82,340.0,NNW,102302.751,,10.0,1.0,"{'sky_condition': 'clear', 'height_agl': None}",METAR KLAX 081715Z AUTO 34005KT 10SM CLR 22/04 A3021,clear,,22.0,71.6,,,,,,,,,,,2.572,1.6
2026-02-08T09:20:00-0800,30.82,360.0,N,102302.751,,10.0,1.0,"{'sky_condition': 'clear', 'height_agl': None}",METAR KLAX 081720Z AUTO 36007KT 10SM CLR 22/04 A3021,clear,,22.0,71.6,,,,,,,,,,,3.601,2.24
2026-02-08T09:25:00-0800,29.0,360.0,N,102336.615,,10.0,1.0,"{'sky_condition': 'clear', 'height_agl': None}",METAR KLAX 081725Z AUTO 36007KT 10SM CLR 23/04 A3022,clear,,23.0,73.4,,,,,,,,,,,3.601,2.24
2026-02-08T09:30:00-0800,29.0,20.0,NNE,102336.615,,10.0,1.0,"{'sky_condition': 'clear', 'height_agl': None}",METAR KLAX 081730Z AUTO 02006KT 10SM CLR 23/04 A3022,clear,,23.0,73.4,,,,,,,,,,,3.087,1.92
2026-02-08T09:35:00-0800,29.0,40.0,NE,102336.615,,10.0,1.0,"{'sky_condition': 'clear', 'height_agl': None}",METAR KLAX 081735Z AUTO 04006KT 10SM CLR 23/04 A3022,clear,,23.0,73.4,,,,,,,,,,,3.087,1.92
2026-02-08T09:40:00-0800,29.0,50.0,NE,102336.615,,10.0,1.0,"{'sky_condition': 'clear', 'height_agl': None}",METAR KLAX 081740Z AUTO 05005KT 10SM CLR 23/04 A3022,clear,,23.0,73.4,,,,,,,,,,,2.572,1.6
2026-02-08T09:45:00-0800,27.31,50.0,NE,102336.615,,10.0,1.0,"{'sky_condition': 'clear', 'height_agl': None}",METAR KLAX 081745Z AUTO 05006KT 10SM CLR 24/04 A3022,clear,,24.0,75.2,,,,,,,,,,,3.087,1.92
2026-02-08T09:50:00-0800,27.03,70.0,ENE,102336.615,,10.0,1.0,"{'sky_condition': 'clear', 'height_agl': None}",METAR KLAX 081750Z AUTO 07007KT 10SM CLR 23/03 A3022,clear,,23.0,73.4,,,,,,,,,,,3.601,2.24
2026-02-08T09:53:00-0800,27.11,60.0,ENE,102336.615,102320.0,10.0,1.0,"{'sky_condition': 'clear', 'height_agl': None}",METAR KLAX 081753Z 06008KT 10SM CLR 23/03 A3022 RMK AO2 SLP232 T02330033  10239 20117 53011,clear,3011.0,23.3,73.94,3.3,37.94,23.9,75.02,11.7,53.06,,,,,4.116,2.56
2026-02-08T09:55:00-0800,27.03,50.0,NE,102336.615,,10.0,1.0,"{'sky_condition': 'clear', 'height_agl': None}",METAR KLAX 081755Z AUTO 05007KT 10SM CLR 23/03 A3022,clear,,23.0,73.4,,,,,,,,,,,3.601,2.24
2026-02-08T10:00:00-0800,27.31,50.0,NE,102336.615,,10.0,1.0,"{'sky_condition': 'clear', 'height_agl': None}",METAR KLAX 081800Z AUTO 05006KT 10SM CLR 24/04 A3022,clear,,24.0,75.2,,,,,,,,,,,3.087,1.92
2026-02-08T10:05:00-0800,25.45,70.0,ENE,102336.615,,10.0,1.0,"{'sky_condition': 'clear', 'height_agl': None}",METAR KLAX 081805Z AUTO 07006KT 10SM CLR 24/03 A3022,clear,,24.0,75.2,,,,,,,,,,,3.087,1.92
2026-02-08T10:10:00-0800,27.31,60.0,ENE,102336.615,,10.0,1.0,"{'sky_condition': 'clear', 'height_agl': None}",METAR KLAX 081810Z AUTO 06007KT 10SM CLR 24/04 A3022,clear,,24.0,75.2,,,,,,,,,,,3.601,2.24
2026-02-08T10:15:00-0800,27.31,70.0,ENE,102336.615,,10.0,1.0,"{'sky_condition': 'clear', 'height_agl': None}",METAR KLAX 081815Z AUTO 07006KT 10SM CLR 24/04 A3022,clear,,24.0,75.2,,,,,,,,,,,3.087,1.92
2026-02-08T10:20:00-0800,27.31,60.0,ENE,102336.615,,10.0,1.0,"{'sky_condition': 'clear', 'height_agl': None}",METAR KLAX 081820Z AUTO 06005KT 10SM CLR 24/04 A3022,clear,,24.0,75.2,,,,,,,,,,,2.572,1.6
2026-02-08T10:25:00-0800,25.73,40.0,NE,102336.615,,10.0,1.0,"{'sky_condition': 'clear', 'height_agl': None}",METAR KLAX 081825Z AUTO 04006KT 10SM CLR 25/04 A3022,clear,,25.0,77.0,,,,,,,,,,,3.087,1.92
2026-02-08T10:30:00-0800,25.73,50.0,NE,102336.615,,10.0,1.0,"{'sky_condition': 'clear', 'height_agl': None}",METAR KLAX 081830Z AUTO 05005KT 10SM CLR 25/04 A3022,clear,,25.0,77.0,,,,,,,,,,,2.572,1.6
2026-02-08T10:35:00-0800,23.97,50.0,NE,102336.615,,10.0,1.0,"{'sky_condition': 'clear', 'height_agl': None}",METAR KLAX 081835Z AUTO 05005KT 10SM CLR 25/03 A3022,clear,,25.0,77.0,,,,,,,,,,,2.572,1.6
2026-02-08T10:40:00-0800,23.97,30.0,NNE,102336.615,,10.0,1.0,"{'sky_condition': 'clear', 'height_agl': None}",METAR KLAX 081840Z AUTO 03005KT 10SM CLR 25/03 A3022,clear,,25.0,77.0,,,,,,,,,,,2.572,1.6
2026-02-08T10:45:00-0800,23.97,40.0,NE,102336.615,,10.0,1.0,"{'sky_condition': 'clear', 'height_agl': None}",METAR KLAX 081845Z AUTO 04005KT 10SM CLR 25/03 A3022,clear,,25.0,77.0,,,,,,,,,,,2.572,1.6
2026-02-08T10:50:00-0800,22.59,60.0,ENE,102336.615,,10.0,1.0,"{'sky_condition': 'clear', 'height_agl': None}",METAR KLAX 081850Z AUTO 06004KT 10SM CLR 26/03 A3022,clear,,26.0,78.8,,,,,,,,,,,2.058,1.28
2026-02-08T10:53:00-0800,23.63,10.0,N,102336.615,102320.0,10.0,1.0,"{'sky_condition': 'clear', 'height_agl': None}",METAR KLAX 081853Z 01005KT 10SM CLR 26/03 A3022 RMK AO2 SLP232 T02560033,clear,,25.6,78.08,3.3,37.94,,,,,,,,,2.572,1.6
2026-02-08T10:55:00-0800,22.59,40.0,NE,102336.615,,10.0,1.0,"{'sky_condition': 'clear', 'height_agl': None}",METAR KLAX 081855Z AUTO 04004KT 10SM CLR 26/03 A3022,clear,,26.0,78.8,,,,,,,,,,,2.058,1.28
2026-02-08T11:00:00-0800,21.04,50.0,NE,102336.615,,10.0,1.0,"{'sky_condition': 'clear', 'height_agl': None}",METAR KLAX 081900Z AUTO 05004KT 10SM CLR 26/02 A3022,clear,,26.0,78.8,,,,,,,,,,,2.058,1.28
2026-02-08T11:05:00-0800,22.59,40.0,NE,102336.615,,10.0,1.0,"{'sky_condition': 'clear', 'height_agl': None}",METAR KLAX 081905Z AUTO 04003KT 10SM CLR 26/03 A3022,clear,,26.0,78.8,,,,,,,,,,,1.543,0.96
2026-02-08T11:10:00-0800,22.59,90.0,E,102302.751,,10.0,1.0,"{'sky_condition': 'clear', 'height_agl': None}",METAR KLAX 081910Z AUTO 09003KT 10SM CLR 26/03 A3021,clear,,26.0,78.8,,,,,,,,,,,1.543,0.96
2026-02-08T11:15:00-0800,21.04,130.0,SE,102302.751,,10.0,1.0,"{'sky_condition': 'clear', 'height_agl': None}",METAR KLAX 081915Z AUTO 13003KT 10SM CLR 26/02 A3021,clear,,26.0,78.8,,,,,,,,,,,1.543,0.96
2026-02-08T11:20:00-0800,19.84,0.0,N,102302.751,,10.0,1.0,"{'sky_condition': 'clear', 'height_agl': None}",METAR KLAX 081920Z AUTO 00000KT 10SM CLR 27/02 A3021,clear,,27.0,80.6,,,,,,,,,,,0.0,0.0
2026-02-08T11:25:00-0800,19.84,0.0,N,102302.751,,10.0,1.0,"{'sky_condition': 'clear', 'height_agl': None}",METAR KLAX 081925Z AUTO 00000KT 10SM CLR 27/02 A3021,clear,,27.0,80.6,,,,,,,,,,,0.0,0.0
2026-02-08T11:30:00-0800,19.84,20.0,NNE,102302.751,,10.0,1.0,"{'sky_condition': 'clear', 'height_agl': None}",METAR KLAX 081930Z AUTO 02003KT 10SM CLR 27/02 A3021,clear,,27.0,80.6,,,,,,,,,,,1.543,0.96
2026-02-08T11:35:00-0800,19.84,10.0,N,102302.751,,10.0,1.0,"{'sky_condition': 'clear', 'height_agl': None}",METAR KLAX 081935Z AUTO 01003KT 10SM CLR 27/02 A3021,clear,,27.0,80.6,,,,,,,,,,,1.543,0.96
2026-02-08T11:40:00-0800,19.84,0.0,N,102268.887,,10.0,1.0,"{'sky_condition': 'clear', 'height_agl': None}",METAR KLAX 081940Z AUTO 00000KT 10SM CLR 27/02 A3020,clear,,27.0,80.6,,,,,,,,,,,0.0,0.0
2026-02-08T11:45:00-0800,19.84,0.0,N,102268.887,,10.0,1.0,"{'sky_condition': 'clear', 'height_agl': None}",METAR KLAX 081945Z AUTO 00000KT 10SM CLR 27/02 A3020,clear,,27.0,80.6,,,,,,,,,,,0.0,0.0
2026-02-08T11:50:00-0800,19.84,310.0,NW,102268.887,,10.0,1.0,"{'sky_condition': 'clear', 'height_agl': None}",METAR KLAX 081950Z AUTO 31003KT 10SM CLR 27/02 A3020,clear,,27.0,80.6,,,,,,,,,,,1.543,0.96
2026-02-08T11:53:00-0800,19.76,0.0,N,102268.887,102260.0,10.0,1.0,"{'sky_condition': 'clear', 'height_agl': None}",METAR KLAX 081953Z 00000KT 10SM CLR 27/02 A3020 RMK AO2 SLP226 T02670017,clear,,26.7,80.06,1.7,35.06,,,,,,,,,0.0,0.0
2026-02-08T11:55:00-0800,19.84,0.0,N,102268.887,,10.0,1.0,"{'sky_condition': 'clear', 'height_agl': None}",METAR KLAX 081955Z AUTO 00000KT 10SM CLR 27/02 A3020,clear,,27.0,80.6,,,,,,,,,,,0.0,0.0
2026-02-08T12:00:00-0800,19.84,0.0,N,102268.887,,10.0,1.0,"{'sky_condition': 'clear', 'height_agl': None}",METAR KLAX 082000Z AUTO 00000KT 10SM CLR 27/02 A3020,clear,,27.0,80.6,,,,,,,,,,,0.0,0.0
2026-02-08T12:05:00-0800,19.84,0.0,N,102235.024,,10.0,1.0,"{'sky_condition': 'clear', 'height_agl': None}",METAR KLAX 082005Z AUTO 00000KT 10SM CLR 27/02 A3019,clear,,27.0,80.6,,,,,,,,,,,0.0,0.0
2026-02-08T12:10:00-0800,18.72,300.0,WNW,102235.024,,10.0,1.0,"{'sky_condition': 'clear', 'height_agl': None}",METAR KLAX 082010Z AUTO 30003KT 10SM CLR 28/02 A3019,clear,,28.0,82.4,,,,,,,,,,,1.543,0.96
2026-02-08T12:15:00-0800,18.72,0.0,N,102235.024,,10.0,1.0,"{'sky_condition': 'clear', 'height_agl': None}",METAR KLAX 082015Z AUTO 00000KT 10SM CLR 28/02 A3019,clear,,28.0,82.4,,,,,,,,,,,0.0,0.0
2026-02-08T12:20:00-0800,20.1,250.0,WSW,102235.024,,10.0,1.0,"{'sky_condition': 'clear', 'height_agl': None}",METAR KLAX 082020Z AUTO 25006KT 10SM CLR 28/03 A3019,clear,,28.0,82.4,,,,,,,,,,,3.087,1.92
2026-02-08T12:25:00-0800,21.57,260.0,W,102235.024,,10.0,1.0,"{'sky_condition': 'clear', 'height_agl': None}",METAR KLAX 082025Z AUTO 26008KT 10SM CLR 28/04 A3019,clear,,28.0,82.4,,,,,,,,,,,4.116,2.56
2026-02-08T12:30:00-0800,20.1,270.0,W,102201.16,,10.0,1.0,"{'sky_condition': 'clear', 'height_agl': None}",METAR KLAX 082030Z AUTO 27006KT 10SM CLR 28/03 A3018,clear,,28.0,82.4,,,,,,,,,,,3.087,1.92
2026-02-08T12:35:00-0800,21.57,250.0,WSW,102201.16,,10.0,1.0,"{'sky_condition': 'clear', 'height_agl': None}",METAR KLAX 082035Z AUTO 25010KT 10SM CLR 28/04 A3018,clear,,28.0,82.4,,,,,,,,,,,5.144,3.2
2026-02-08T12:40:00-0800,26.28,260.0,W,102201.16,,10.0,1.0,"{'sky_condition': 'clear', 'height_agl': None}",METAR KLAX 082040Z AUTO 26010KT 10SM CLR 27/06 A3018,clear,,27.0,80.6,,,,,,,,,,,5.144,3.2
2026-02-08T12:45:00-0800,26.28,250.0,WSW,102201.16,,10.0,1.0,"{'sky_condition': 'clear', 'height_agl': None}",METAR KLAX 082045Z AUTO 25010KT 10SM CLR 27/06 A3018,clear,,27.0,80.6,,,,,,,,,,,5.144,3.2
2026-02-08T12:50:00-0800,26.28,250.0,WSW,102167.296,,10.0,1.0,"{'sky_condition': 'clear', 'height_agl': None}",METAR KLAX 082050Z AUTO 25010KT 10SM CLR 27/06 A3017,clear,,27.0,80.6,,,,,,,,,,,5.144,3.2
2026-02-08T12:53:00-0800,26.02,250.0,WSW,102167.296,102160.0,10.0,2006.0,"{'sky_condition': 'thin scattered', 'height_agl': 6096.07}",METAR KLAX 082053Z COR 25009KT 10SM FEW200 27/06 A3017 RMK AO2 SLP216  T02670056 58016,thin scattered,8016.0,26.7,80.06,5.6,42.08,,,,,,,,,4.63,2.88
2026-02-08T12:55:00-0800,26.28,250.0,WSW,102167.296,,10.0,1.0,"{'sky_condition': 'clear', 'height_agl': None}",METAR KLAX 082055Z AUTO 25008KT 10SM CLR 27/06 A3017,clear,,27.0,80.6,,,,,,,,,,,4.116,2.56
2026-02-08T13:00:00-0800,29.86,260.0,W,102167.296,,10.0,1.0,"{'sky_condition': 'clear', 'height_agl': None}",METAR KLAX 082100Z AUTO 26009KT 10SM CLR 26/07 A3017,clear,,26.0,78.8,,,,,,,,,,,4.63,2.88
2026-02-08T13:05:00-0800,26.28,260.0,W,102133.432,,10.0,1.0,"{'sky_condition': 'clear', 'height_agl': None}",METAR KLAX 082105Z AUTO 26008KT 10SM CLR 27/06 A3016,clear,,27.0,80.6,,,,,,,,,,,4.116,2.56
2026-02-08T13:10:00-0800,26.0,250.0,WSW,102133.432,,10.0,1.0,"{'sky_condition': 'clear', 'height_agl': None}",METAR KLAX 082110Z AUTO 25009KT 10SM CLR 26/05 A3016,clear,,26.0,78.8,,,,,,,,,,,4.63,2.88
2026-02-08T13:15:00-0800,26.28,250.0,WSW,102133.432,,10.0,1.0,"{'sky_condition': 'clear', 'height_agl': None}",METAR KLAX 082115Z AUTO 25010KT 10SM CLR 27/06 A3016,clear,,27.0,80.6,,,,,,,,,,,5.144,3.2
2026-02-08T13:20:00-0800,29.86,270.0,W,102133.432,,10.0,1.0,"{'sky_condition': 'clear', 'height_agl': None}",METAR KLAX 082120Z AUTO 27010KT 10SM CLR 26/07 A3016,clear,,26.0,78.8,,,,,,,,,,,5.144,3.2
2026-02-08T13:25:00-0800,31.97,270.0,W,102133.432,,10.0,1.0,"{'sky_condition': 'clear', 'height_agl': None}",METAR KLAX 082125Z AUTO 27011KT 10SM CLR 26/08 A3016,clear,,26.0,78.8,,,,,,,,,,,5.659,3.52
